{
  "height": 2160,
  "width": 3838,
  "gcps": {
    "src": [
      [
        0.0,
        0.0
      ],
      [
        3837.0,
        0.0
      ],
      [
        3837.0,
        2159.0
      ],
      [
        0.0,
        2159.0
      ]
    ],
    "dst": [
      [
        411228.7700017017,
        4882753.19169954
      ],
      [
        411187.9345569204,
        4882730.215115899
      ],
      [
        411175.11086499336,
        4882753.27714732
      ],
      [
        411215.6759744591,
        4882775.7518003285
      ]
    ],
    "h_ref": 0.0,
    "z_0": 0.0
  },
  "crs": 6344
}